"Libbi","Hebert",101,null
"Ailish","Hollis",102,null
"Hibah","Nava",0103,null
"Wilbur","Brock",201,102
"Sade","Lister",202,201
"Kofi","Dunne",202,201
"Kaden","Storey",202,201
"Nyah","Sheehan",202,201
"Danielius","Oconnor",202,201
"Max","Juarez",202,201
"Rafael","Preece",301,101
"Lennie","Finley",302,301
"Trixie","Parker",302,301
"Kieran","Lloyd",303,301
"Kayne","Gregory",303,301
"Kiki","Ford",303,301
"Oscar","Plant",401,102
"Melisa","Odling",402,401
"Shahzaib","Gilbert",403,401
"Riccardo","Delacruz",403,401
"Clare","Molloy",403,401
"Indi","Wright",501,101
"Faisal","Enriquez",502,501
"Preston","Ware",502,501
"Albie","Callaghan",502,501
